{
	"easycom": {
		"autoscan": true,
		"custom": {
			// uni-ui 规则如下配置
			"^uni-(.*)": "@dcloudio/uni-ui/lib/uni-$1/uni-$1.vue"
		}
	},
	"pages": [
		{
			"path": "pages/home/home",
			"style": {
				"enablePullDownRefresh": false
			}
		},
		{
			"path": "pages/cate/cate",
			"style": {
				"enablePullDownRefresh": false
			}
		},
		{
			"path": "pages/my/my",
			"style": {
				"enablePullDownRefresh": false
			}
		},
		{
			"path": "pages/cart/cart",
			"style": {
				"enablePullDownRefresh": false
			}
		}
	],
	"subPackages": [
		{
			"root": "subpkg",
			"pages": [
				{
					"path": "goods_detail/goods_detail",
					"style": {
						"navigationBarTitleText": "",
						"enablePullDownRefresh": false
					}
				},
				{
					"path": "goods_list/goods_list",
					"style": {
						"navigationBarTitleText": "",
						"enablePullDownRefresh": true,
						"onReachBottomDistance": 50
					}
				},
				{
					"path": "goods_search/goods_search",
					"style": {
						"navigationBarTitleText": "",
						"enablePullDownRefresh": false
					}
				}
			]
		}
	],
	"usingComponents": {
		"my-serach": "components/my-search/my-search"
	},
	"globalStyle": {
		"navigationBarTextStyle": "white",
		"navigationBarTitleText": "青鸟优购",
		"navigationBarBackgroundColor": "#FF0000",
		"backgroundColor": "#F8F8F8",
		"app-plus": {
			"background": "#efeff4"
		}
	},
	"tabBar": {
		"list": [
			{
				"pagePath": "pages/home/home",
				"iconPath": "static/tab_icons/home.png",
				"selectedIconPath": "static/tab_icons/home-active.png",
				"text": "首页"
			},
			{
				"pagePath": "pages/cate/cate",
				"iconPath": "static/tab_icons/cate.png",
				"selectedIconPath": "static/tab_icons/cate-active.png",
				"text": "分类"
			},
			{
				"pagePath": "pages/cart/cart",
				"iconPath": "static/tab_icons/cart.png",
				"selectedIconPath": "static/tab_icons/cart-active.png",
				"text": "购物车"
			},
			{
				"pagePath": "pages/my/my",
				"iconPath": "static/tab_icons/my.png",
				"selectedIconPath": "static/tab_icons/my-active.png",
				"text": "我的"
			}
		]
	}
}
